                       Norm,                    Minimum,                    Maximum,                       Mean
        +1.253837169621e-03,        +8.841709335109e-06,        +1.891738067339e-04,        +2.051390962860e-05
