                       Norm,                    Minimum,                    Maximum,                       Mean
        +8.209786394788e-02,        +2.325159822893e-06,        +2.220484141325e-02,        +1.154580343226e-04
